City_ID,City,Country,Date,Lat,Lng,Max Temp,Humidity,Cloudiness,Wind Speed
0,Kodiak,US,2022-06-11 00:26:21,57.79,-152.4072,60.31,59,100,4.61
1,Port Hardy,CA,2022-06-11 00:29:03,50.6996,-127.4199,59.18,67,75,11.5
2,Atuona,PF,2022-06-11 00:29:03,-9.8,-139.0333,77.95,69,9,15.1
3,Guantanamo,CU,2022-06-11 00:29:03,20.1444,-75.2092,83.77,79,70,2.95
4,Longyearbyen,SJ,2022-06-11 00:29:04,78.2186,15.6401,37.24,81,100,4.61
5,Yairipok,IN,2022-06-11 00:29:04,24.6667,94.0667,69.67,97,100,1.43
6,Provideniya,RU,2022-06-11 00:29:04,64.3833,-173.3,48.51,39,96,2.19
7,Kahului,US,2022-06-11 00:25:11,20.8947,-156.47,87.82,62,0,25.32
8,Tuktoyaktuk,CA,2022-06-11 00:29:05,69.4541,-133.0374,44.6,65,75,13.8
9,New Norfolk,AU,2022-06-11 00:29:05,-42.7826,147.0587,46.71,82,97,5.99
10,Qaanaaq,GL,2022-06-11 00:29:05,77.484,-69.3632,30.54,85,100,2.46
11,Luderitz,NA,2022-06-11 00:29:06,-26.6481,15.1594,68.52,26,49,9.33
12,Hermanus,ZA,2022-06-11 00:29:06,-34.4187,19.2345,59.81,40,77,10.02
13,Busselton,AU,2022-06-11 00:29:06,-33.65,115.3333,63.54,86,81,15.88
14,Ushuaia,AR,2022-06-11 00:29:07,-54.8,-68.3,46.06,61,20,4.61
15,Saldanha,ZA,2022-06-11 00:29:07,-33.0117,17.9442,60.85,41,45,18.3
16,Tilichiki,RU,2022-06-11 00:29:07,60.4667,166.1,54.03,51,93,12.88
17,Avarua,CK,2022-06-11 00:29:08,-21.2078,-159.775,78.85,65,40,14.97
18,Valleyview,CA,2022-06-11 00:29:08,55.0667,-117.2859,69.84,26,11,14.97
19,Lulea,SE,2022-06-11 00:29:09,65.5842,22.1547,50.07,93,2,6.91
20,Vaini,TO,2022-06-11 00:29:09,-21.2,-175.2,80.76,74,40,8.05
21,Ribeira Grande,PT,2022-06-11 00:29:09,38.5167,-28.7,62.98,95,100,9.22
22,Tura,IN,2022-06-11 00:29:10,25.5198,90.2201,72.81,96,96,6.49
23,Salalah,OM,2022-06-11 00:29:10,17.0151,54.0924,86.09,79,75,8.05
24,Puerto Ayora,EC,2022-06-11 00:29:10,-0.7393,-90.3518,71.55,94,14,4.0
25,Ahipara,NZ,2022-06-11 00:29:11,-35.1667,173.1667,61.52,86,14,15.88
26,Mahebourg,MU,2022-06-11 00:29:11,-20.4081,57.7,70.09,94,75,9.22
27,Gaozhou,CN,2022-06-11 00:29:12,21.9392,110.8461,75.16,99,100,7.16
28,Upernavik,GL,2022-06-11 00:29:12,72.7868,-56.1549,30.27,80,36,9.6
29,Celestun,MX,2022-06-11 00:29:12,20.8667,-90.4,82.63,78,5,13.29
30,Mataura,NZ,2022-06-11 00:29:13,-46.1927,168.8643,39.47,99,100,4.61
31,Cape Town,ZA,2022-06-11 00:29:13,-33.9258,18.4232,68.92,29,0,4.0
32,Broome,US,2022-06-11 00:29:13,42.2506,-75.833,66.58,58,0,6.91
33,Saint George,US,2022-06-11 00:29:14,37.1041,-113.5841,106.63,8,0,14.97
34,Shelburne,CA,2022-06-11 00:29:14,44.0787,-80.2041,65.19,79,25,4.74
35,Rikitea,PF,2022-06-11 00:29:15,-23.1203,-134.9692,76.05,60,69,13.49
36,Gomel,BY,2022-06-11 00:29:15,52.4345,30.9754,67.98,73,0,6.71
37,Port Elizabeth,ZA,2022-06-11 00:29:16,-33.918,25.5701,59.31,59,0,1.99
38,Ust-Nera,RU,2022-06-11 00:29:16,64.5667,143.2,54.72,27,3,2.71
39,Rio Gallegos,AR,2022-06-11 00:27:02,-51.6226,-69.2181,48.25,53,75,11.5
40,Pitimbu,BR,2022-06-11 00:29:16,-7.4706,-34.8086,75.79,83,36,5.88
41,Sao Filipe,CV,2022-06-11 00:29:17,14.8961,-24.4956,75.02,76,5,11.72
42,Pevek,RU,2022-06-11 00:29:17,69.7008,170.3133,41.38,66,74,5.84
43,Albany,US,2022-06-11 00:26:04,42.6001,-73.9662,68.65,60,25,6.29
44,Sikeston,US,2022-06-11 00:29:18,36.8767,-89.5879,81.25,47,0,4.61
45,Ardakan,IR,2022-06-11 00:29:18,32.31,54.0175,81.07,9,0,6.58
46,La Rioja,ES,2022-06-11 00:26:05,42.25,-2.5,56.98,55,82,4.45
47,Catuday,PH,2022-06-11 00:29:19,16.2923,119.8062,81.34,76,100,6.46
48,Dikson,RU,2022-06-11 00:29:19,73.5069,80.5464,38.03,78,94,11.72
49,Iqaluit,CA,2022-06-11 00:29:20,63.7506,-68.5145,49.73,61,20,15.01
50,Salinopolis,BR,2022-06-11 00:29:20,-0.6136,-47.3561,78.48,83,47,9.28
51,Mildura,AU,2022-06-11 00:29:20,-34.2,142.15,51.08,86,8,9.93
52,Tasiilaq,GL,2022-06-11 00:29:21,65.6145,-37.6368,41.16,68,18,4.59
53,Guasdualito,VE,2022-06-11 00:29:21,7.2424,-70.7324,84.2,70,20,3.44
54,Half Moon Bay,US,2022-06-11 00:28:07,37.4636,-122.4286,98.89,74,0,31.07
55,Hami,CN,2022-06-11 00:29:22,42.8,93.45,74.62,9,73,10.4
56,Barrow,US,2022-06-11 00:29:22,71.2906,-156.7887,35.62,80,100,13.8
57,Tateyama,JP,2022-06-11 00:29:22,34.9833,139.8667,75.09,77,100,4.88
58,Tuatapere,NZ,2022-06-11 00:29:23,-46.1333,167.6833,37.76,94,95,9.57
59,Buala,SB,2022-06-11 00:29:23,-8.145,159.5921,84.43,67,27,5.19
60,Hamilton,US,2022-06-11 00:26:53,39.1834,-84.5333,66.97,86,100,4.61
61,Fereydunshahr,IR,2022-06-11 00:29:24,32.941,50.121,51.03,17,0,2.39
62,Nelson Bay,AU,2022-06-11 00:29:24,-32.7167,152.15,58.1,62,1,4.0
63,Saskylakh,RU,2022-06-11 00:29:24,71.9167,114.0833,48.67,56,0,18.34
64,Atar,MR,2022-06-11 00:29:25,20.5169,-13.0499,90.0,20,2,7.63
65,Kangasala,FI,2022-06-11 00:29:25,61.4638,24.076,60.33,81,97,3.49
66,Tanda,IN,2022-06-11 00:29:25,26.55,82.65,89.92,50,23,4.14
67,Road Town,VG,2022-06-11 00:29:26,18.4167,-64.6167,82.44,78,40,12.66
68,Xingcheng,CN,2022-06-11 00:29:27,40.6167,120.7167,66.34,84,61,6.33
69,Lagoa,PT,2022-06-11 00:29:27,39.05,-27.9833,61.02,93,100,11.65
70,Teeli,RU,2022-06-11 00:29:27,51.0333,90.2333,55.76,40,4,1.43
71,Nome,US,2022-06-11 00:29:28,64.5011,-165.4064,60.87,26,0,11.5
72,Hilo,US,2022-06-11 00:29:28,19.7297,-155.09,88.29,70,75,6.91
73,Alofi,NU,2022-06-11 00:29:28,-19.0595,-169.9187,80.49,74,97,16.11
74,Esperance,AU,2022-06-11 00:29:29,-33.8667,121.9,57.87,54,100,19.19
75,Port Augusta,AU,2022-06-11 00:29:29,-32.5,137.7667,55.53,81,67,4.36
76,Bluff,NZ,2022-06-11 00:29:29,-46.6,168.3333,39.79,79,100,25.1
77,Dhidhdhoo,MV,2022-06-11 00:29:30,6.8833,73.1,81.91,78,90,12.5
78,Bilibino,RU,2022-06-11 00:29:30,68.0546,166.4372,66.29,25,11,9.24
79,Butaritari,KI,2022-06-11 00:29:31,3.0707,172.7902,83.14,70,96,13.44
80,Deputatskiy,RU,2022-06-11 00:29:31,69.3,139.9,54.16,50,52,12.17
81,Linqing,CN,2022-06-11 00:29:31,36.8456,115.7117,77.92,54,25,8.99
82,Gravdal,NO,2022-06-11 00:29:32,68.1214,13.5031,47.7,72,23,10.69
83,Hasaki,JP,2022-06-11 00:29:32,35.7333,140.8333,73.8,79,100,5.7
84,Comodoro Rivadavia,AR,2022-06-11 00:29:32,-45.8667,-67.5,42.66,28,0,3.44
85,Xiashi,CN,2022-06-11 00:29:33,30.5363,120.6864,69.82,90,100,7.43
86,Vila Velha,BR,2022-06-11 00:25:53,-20.3297,-40.2925,73.35,85,0,9.22
87,Severo-Kurilsk,RU,2022-06-11 00:29:33,50.6789,156.125,45.79,89,93,9.51
88,Socuellamos,ES,2022-06-11 00:29:34,39.2858,-2.7921,76.37,46,50,12.46
89,Cuamba,MZ,2022-06-11 00:29:34,-14.8031,36.5372,55.2,96,39,4.27
90,Port Alfred,ZA,2022-06-11 00:29:34,-33.5906,26.891,62.94,49,0,9.69
91,Thompson,CA,2022-06-11 00:28:02,55.7435,-97.8558,73.56,27,20,12.66
92,Kruisfontein,ZA,2022-06-11 00:29:35,-34.0033,24.7314,59.63,34,1,10.0
93,Tiksi,RU,2022-06-11 00:29:35,71.6872,128.8694,41.29,75,48,6.24
94,Aklavik,CA,2022-06-11 00:29:35,68.2191,-135.0107,48.85,68,100,4.29
95,Jizan,SA,2022-06-11 00:29:36,17.3333,42.6667,86.94,75,35,4.76
96,Nazarovo,RU,2022-06-11 00:29:40,56.0064,90.3914,58.75,65,29,6.98
97,Khatanga,RU,2022-06-11 00:29:40,71.9667,102.5,43.41,65,98,7.25
98,Hithadhoo,MV,2022-06-11 00:29:40,-0.6,73.0833,83.44,71,58,7.29
99,Clyde River,CA,2022-06-11 00:29:41,70.4692,-68.5914,32.23,100,100,10.36
100,Harper,LR,2022-06-11 00:29:41,4.375,-7.7169,76.89,87,100,6.93
101,Yellowknife,CA,2022-06-11 00:25:18,62.456,-114.3525,77.52,33,75,17.27
102,Ponta Do Sol,PT,2022-06-11 00:29:41,32.6667,-17.1,70.43,67,0,4.34
103,Kudahuvadhoo,MV,2022-06-11 00:29:42,2.6708,72.8944,82.76,73,100,8.88
104,Cheyenne,US,2022-06-11 00:25:03,41.14,-104.8203,86.32,17,0,21.85
105,Kargasok,RU,2022-06-11 00:29:42,59.0556,80.8572,59.61,69,100,8.77
106,Punta Arenas,CL,2022-06-11 00:26:35,-53.15,-70.9167,46.51,76,40,13.8
107,Rio Rancho,US,2022-06-11 00:29:05,35.2334,-106.6645,101.12,8,0,10.36
108,Mar Del Plata,AR,2022-06-11 00:26:32,-38.0023,-57.5575,45.09,90,75,14.97
109,Narsaq,GL,2022-06-11 00:29:42,60.9167,-46.05,53.82,68,100,4.34
110,Chuy,UY,2022-06-11 00:29:43,-33.6971,-53.4616,42.37,61,16,13.2
111,Nesna,NO,2022-06-11 00:29:43,66.1967,13.0213,58.66,59,71,14.97
112,Jamestown,US,2022-06-11 00:29:43,42.097,-79.2353,65.84,57,0,4.61
113,Litovko,RU,2022-06-11 00:26:55,49.2361,135.1742,54.34,70,100,3.96
114,Svetlogorsk,BY,2022-06-11 00:29:44,52.6333,29.7333,61.77,85,11,4.9
115,Saint-Augustin,CA,2022-06-11 00:29:44,51.226,-58.6502,49.87,98,100,11.1
116,Bethel,US,2022-06-11 00:29:45,41.3712,-73.414,72.64,60,0,4.61
117,Bredasdorp,ZA,2022-06-11 00:29:45,-34.5322,20.0403,59.86,34,79,6.73
118,Namibe,AO,2022-06-11 00:29:45,-15.1961,12.1522,71.46,57,0,5.32
119,Mattru,SL,2022-06-11 00:29:45,7.6244,-11.8332,74.8,96,100,1.88
120,Coahuayana,MX,2022-06-11 00:29:46,18.7333,-103.6833,84.76,66,99,5.28
121,Chokurdakh,RU,2022-06-11 00:29:46,70.6333,147.9167,59.65,38,47,13.53
122,Tabou,CI,2022-06-11 00:29:46,4.423,-7.3528,75.97,89,100,6.08
123,Houma,US,2022-06-11 00:26:41,29.5958,-90.7195,73.4,88,0,0.0
124,Dakar,SN,2022-06-11 00:29:47,14.6937,-17.4441,77.13,83,75,4.61
125,Arraial Do Cabo,BR,2022-06-11 00:29:47,-22.9661,-42.0278,71.06,88,99,20.51
126,Panzhihua,CN,2022-06-11 00:29:47,26.5851,101.7128,69.33,90,100,2.95
127,Labuhan,ID,2022-06-11 00:29:51,-6.8844,112.2051,79.03,84,58,5.84
128,Kapuskasing,CA,2022-06-11 00:29:52,49.4169,-82.4331,59.09,51,75,5.75
129,Padang,ID,2022-06-11 00:29:52,-0.9492,100.3543,75.25,90,94,3.13
130,Bambous Virieux,MU,2022-06-11 00:29:52,-20.3428,57.7575,70.05,94,75,9.22
131,Bengkulu,ID,2022-06-11 00:29:52,-3.8004,102.2655,73.83,90,89,3.47
132,Mushie,CD,2022-06-11 00:29:53,-3.0167,16.9,71.83,50,16,1.32
133,Hobart,AU,2022-06-11 00:29:53,-42.8794,147.3294,47.05,81,40,10.36
134,Gravelbourg,CA,2022-06-11 00:29:53,49.8834,-106.5512,80.87,27,60,18.59
135,Raghogarh,IN,2022-06-11 00:29:54,24.45,77.2,86.2,51,38,12.95
136,Mapiripan,CO,2022-06-11 00:29:54,2.8892,-72.1256,73.8,96,83,5.3
137,Kaitangata,NZ,2022-06-11 00:27:17,-46.2817,169.8464,37.62,94,65,8.61
138,Antofagasta,CL,2022-06-11 00:29:28,-23.65,-70.4,56.48,85,68,4.85
139,Manggar,ID,2022-06-11 00:29:54,-2.8833,108.2667,80.11,81,33,2.39
140,Reforma,MX,2022-06-11 00:29:55,18.1,-91.0167,86.09,64,85,5.75
141,Norman Wells,CA,2022-06-11 00:29:55,65.282,-126.8329,62.64,55,20,18.41
142,Srednekolymsk,RU,2022-06-11 00:29:55,67.45,153.6833,57.87,53,89,5.12
143,Mezen,RU,2022-06-11 00:29:56,65.8522,44.24,38.52,88,0,7.31
144,Georgetown,MY,2022-06-11 00:26:33,5.4112,100.3354,80.53,97,20,3.44
145,Monroe,US,2022-06-11 00:29:01,43.1501,-77.6831,68.02,58,75,12.66
146,Lorengau,PG,2022-06-11 00:29:56,-2.0226,147.2712,84.51,64,40,8.14
147,Taoudenni,ML,2022-06-11 00:29:56,22.6783,-3.9836,98.49,9,3,3.58
148,Portland,US,2022-06-11 00:25:45,45.5234,-122.6762,61.68,91,100,8.05
149,Faanui,PF,2022-06-11 00:29:57,-16.4833,-151.75,80.1,74,11,14.18
150,Yashkul,RU,2022-06-11 00:29:57,46.1711,45.3435,71.71,43,9,6.53
151,Acurenam,GQ,2022-06-11 00:29:58,1.0322,10.6488,67.71,97,91,3.0
152,Eyl,SO,2022-06-11 00:29:58,7.9803,49.8164,80.82,60,19,23.73
153,Mount Gambier,AU,2022-06-11 00:27:27,-37.8333,140.7667,52.0,66,98,9.53
154,Odweyne,SO,2022-06-11 00:29:58,9.4092,45.064,72.55,58,19,14.43
155,Columbus,US,2022-06-11 00:28:14,39.9612,-82.9988,73.6,56,100,13.8
156,Margate,GB,2022-06-11 00:29:59,51.3813,1.3862,57.31,87,1,4.0
157,Hobyo,SO,2022-06-11 00:29:59,5.3505,48.5268,78.49,80,87,22.95
158,Nikolskoye,RU,2022-06-11 00:29:59,59.7035,30.7861,56.88,87,100,1.59
159,Wanning,CN,2022-06-11 00:30:00,18.8003,110.3967,83.43,80,93,9.71
160,Grand Gaube,MU,2022-06-11 00:30:00,-20.0064,57.6608,70.2,89,8,5.99
161,Bardiyah,LY,2022-06-11 00:30:01,31.7561,25.0865,75.0,76,90,20.96
162,Kapaa,US,2022-06-11 00:30:01,22.0752,-159.319,82.38,70,40,11.5
163,Abha,SA,2022-06-11 00:30:02,18.2164,42.5053,68.25,12,0,0.0
164,Moron,AR,2022-06-11 00:30:03,-34.6534,-58.6198,42.93,51,0,7.11
165,Zhigansk,RU,2022-06-11 00:30:03,66.7697,123.3711,52.25,72,100,12.01
166,Armidale,AU,2022-06-11 00:29:25,-30.5167,151.65,44.06,63,31,11.25
167,Beringovskiy,RU,2022-06-11 00:30:05,63.05,179.3167,40.01,64,6,8.52
168,Auki,SB,2022-06-11 00:30:05,-8.7676,160.7034,85.17,64,70,2.75
169,Hualmay,PE,2022-06-11 00:30:06,-11.0964,-77.6139,63.91,85,55,9.1
170,East London,ZA,2022-06-11 00:30:06,-33.0153,27.9116,61.57,41,0,6.91
171,Vung Tau,VN,2022-06-11 00:25:53,10.346,107.0843,81.45,82,100,6.44
172,Shetpe,KZ,2022-06-11 00:30:07,44.1667,52.1167,65.64,58,4,5.19
173,Pisco,PE,2022-06-11 00:25:24,-13.7,-76.2167,63.01,82,1,10.36
174,Noumea,NC,2022-06-11 00:30:08,-22.2763,166.4572,73.99,99,94,12.71
175,Kalemie,CD,2022-06-11 00:30:08,-5.9475,29.1947,68.58,81,6,2.39
176,Ozernovskiy,RU,2022-06-11 00:30:09,51.5,156.5167,45.41,90,100,11.07
177,Tezu,IN,2022-06-11 00:28:34,27.9167,96.1667,73.35,99,100,2.15
178,Lebu,CL,2022-06-11 00:30:09,-37.6167,-73.65,49.33,81,84,8.86
179,Sakhon Nakhon,TH,2022-06-11 00:30:09,17.1612,104.1472,82.35,83,75,3.44
180,Cherskiy,RU,2022-06-11 00:30:10,68.75,161.3,70.14,26,88,13.67
181,Saryagash,KZ,2022-06-11 00:30:10,41.4511,69.1701,76.96,39,17,5.77
182,Kirakira,SB,2022-06-11 00:30:11,-10.4544,161.9205,84.43,70,25,6.26
183,Bethanien,NA,2022-06-11 00:30:11,-26.502,17.1583,54.05,27,14,8.52
184,Russkaya Polyana,UA,2022-06-11 00:30:12,49.417,31.9201,62.33,81,9,5.39
185,Abu Zabad,SD,2022-06-11 00:30:12,12.35,29.25,81.45,58,99,7.45
186,Coalinga,US,2022-06-11 00:30:13,36.1397,-120.3602,100.65,31,1,9.57
187,Duyun,CN,2022-06-11 00:30:13,26.2667,107.5167,66.96,95,100,3.29
188,Strezhevoy,RU,2022-06-11 00:30:14,60.7333,77.5889,60.78,78,100,11.92
189,Airai,TL,2022-06-11 00:30:14,-8.9266,125.4092,65.48,69,16,4.25
190,Tukrah,LY,2022-06-11 00:30:15,32.5341,20.5791,71.4,74,9,13.65
191,Mandalgovi,MN,2022-06-11 00:30:15,45.7625,106.2708,43.81,86,100,30.09
192,Warrnambool,AU,2022-06-11 00:30:16,-38.3833,142.4833,53.82,64,100,23.06
193,Beloha,MG,2022-06-11 00:30:16,-25.1667,45.05,62.76,94,4,4.81
194,Los Llanos De Aridane,ES,2022-06-11 00:30:17,28.6585,-17.9182,70.12,78,40,14.97
195,Maarianhamina,AX,2022-06-11 00:30:17,60.0973,19.9348,55.26,100,2,4.61
196,Kinel-Cherkassy,RU,2022-06-11 00:30:18,53.4706,51.4743,58.19,91,99,6.35
197,Ayagoz,KZ,2022-06-11 00:30:18,47.9714,80.4392,73.08,44,23,10.22
198,Rasskazovo,RU,2022-06-11 00:30:19,52.6714,41.9033,59.09,92,67,5.77
199,Dingle,PH,2022-06-11 00:30:19,10.9995,122.6711,84.13,73,65,2.3
200,Jaroslaw,PL,2022-06-11 00:27:25,50.0162,22.6778,62.8,97,96,9.57
201,Adrar,MR,2022-06-11 00:30:20,20.5022,-10.0711,92.05,14,98,10.6
202,Chapais,CA,2022-06-11 00:30:20,49.7834,-74.8492,62.38,81,95,7.43
203,Carnarvon,AU,2022-06-11 00:30:23,-24.8667,113.6333,71.28,64,5,5.17
204,Oussouye,SN,2022-06-11 00:30:23,12.485,-16.5469,80.69,82,49,9.19
205,San Carlos De Bariloche,AR,2022-06-11 00:27:00,-41.1456,-71.3082,33.24,80,0,4.61
206,Roald,NO,2022-06-11 00:30:24,62.5833,6.1333,59.16,94,100,4.61
207,Richards Bay,ZA,2022-06-11 00:30:24,-28.783,32.0377,60.8,91,0,6.33
208,Kasba,IN,2022-06-11 00:30:25,25.85,87.55,82.24,83,13,11.27
209,San Juan,AR,2022-06-11 00:30:15,-31.5375,-68.5364,48.72,44,100,1.77
210,Kamenka,RU,2022-06-11 00:30:25,51.3223,42.7678,60.3,93,14,6.78
211,Alice Springs,AU,2022-06-11 00:30:26,-23.7,133.8833,45.95,76,100,8.05
212,Vrbno Pod Pradedem,CZ,2022-06-11 00:30:26,50.1209,17.3832,56.28,86,2,2.93
213,Marathon,US,2022-06-11 00:30:27,44.9,-89.7668,74.73,33,100,9.22
214,Cidreira,BR,2022-06-11 00:30:27,-30.1811,-50.2056,50.45,60,4,16.11
215,San Jose,US,2022-06-11 00:26:05,37.3394,-121.895,99.9,37,40,20.71
216,Upata,VE,2022-06-11 00:30:27,8.0086,-62.3989,74.19,97,68,3.74
217,Saint-Denis,FR,2022-06-11 00:30:28,48.9167,2.3333,65.35,82,0,4.0
218,Mukerian,IN,2022-06-11 00:30:28,31.9506,75.6158,87.55,26,2,6.42
219,Tagbac,PH,2022-06-11 00:30:29,7.089,125.1567,80.96,73,46,1.74
220,Itarema,BR,2022-06-11 00:30:29,-2.9248,-39.9167,75.85,89,27,9.42
221,Rivadavia,AR,2022-06-11 00:30:29,-33.1905,-68.4608,45.07,42,9,5.66
222,Sivaki,RU,2022-06-11 00:30:30,52.6333,126.75,77.31,30,12,4.16
223,Maningrida,AU,2022-06-11 00:30:30,-12.0667,134.2667,76.39,45,48,11.36
224,Torbay,CA,2022-06-11 00:30:30,47.6666,-52.7314,61.29,96,100,24.16
225,Ugoofaaru,MV,2022-06-11 00:30:31,5.6667,73.0,82.15,77,69,12.3
226,Varhaug,NO,2022-06-11 00:30:31,58.6147,5.6457,55.47,83,49,11.83
227,Gaoual,GN,2022-06-11 00:30:31,11.75,-13.2,72.0,94,100,6.73
228,Poum,NC,2022-06-11 00:30:32,-20.2333,164.0167,75.56,79,98,18.9
229,General Roca,AR,2022-06-11 00:30:32,-39.0333,-67.5833,43.63,36,1,7.85
230,Santa Isabel Do Rio Negro,BR,2022-06-11 00:30:33,-0.4139,-65.0192,74.17,96,100,1.72
231,Goundam,ML,2022-06-11 00:30:33,16.4145,-3.6708,94.84,8,0,6.26
232,Cabo San Lucas,MX,2022-06-11 00:27:07,22.8909,-109.9124,89.91,40,0,8.05
233,Salekhard,RU,2022-06-11 00:30:33,66.53,66.6019,59.27,80,100,7.34
234,Yarada,IN,2022-06-11 00:30:34,17.65,83.2667,86.32,67,100,12.64
235,Naukot,PK,2022-06-11 00:30:34,24.8587,69.4024,82.92,70,0,14.38
236,Conceicao Do Araguaia,BR,2022-06-11 00:30:34,-8.2578,-49.2647,79.34,55,100,2.21
237,Tungor,RU,2022-06-11 00:30:35,53.3808,142.9564,52.43,66,66,18.3
238,Perth,AU,2022-06-11 00:30:06,-31.9333,115.8333,63.19,96,75,11.5
239,Parga,GR,2022-06-11 00:28:46,39.2831,20.3964,66.74,75,51,4.41
240,Voyinka,UA,2022-06-11 00:30:35,45.8699,33.9914,64.35,90,13,5.35
241,Sauda,NO,2022-06-11 00:30:35,59.6506,6.3542,54.09,89,78,5.46
242,Hay River,CA,2022-06-11 00:30:36,60.8156,-115.7999,66.18,48,75,6.91
243,Constitucion,CL,2022-06-11 00:30:36,-35.3333,-72.4167,51.93,55,0,4.88
244,Tombouctou,ML,2022-06-11 00:30:36,20.0,-3.0,92.44,10,3,7.47
245,Meulaboh,ID,2022-06-11 00:30:37,4.1363,96.1285,76.62,87,80,5.59
246,Codrington,AU,2022-06-11 00:30:37,-38.2667,141.9667,54.59,64,92,19.69
247,Sinnamary,GF,2022-06-11 00:30:38,5.3833,-52.95,76.03,93,100,10.83
248,Uddevalla,SE,2022-06-11 00:30:38,58.3478,11.9424,58.98,90,4,1.01
249,Price,US,2022-06-11 00:30:38,39.5994,-110.8107,94.26,8,0,19.57
250,Port Blair,IN,2022-06-11 00:30:38,11.6667,92.75,82.69,77,100,15.43
251,Morant Bay,JM,2022-06-11 00:30:39,17.8815,-76.4093,83.82,88,100,7.18
252,Vanimo,PG,2022-06-11 00:30:26,-2.6741,141.3028,85.46,65,12,4.7
253,Chokwe,MZ,2022-06-11 00:30:39,-24.5333,32.9833,57.67,91,0,4.25
254,Kulhudhuffushi,MV,2022-06-11 00:30:40,6.6221,73.07,82.04,78,98,12.1
255,Fortuna,US,2022-06-11 00:30:40,40.5982,-124.1573,75.92,75,0,12.66
256,Krasnoarmeysk,RU,2022-06-11 00:30:40,51.0239,45.6969,60.12,74,23,9.44
257,Bhadasar,IN,2022-06-11 00:30:41,28.2833,74.3167,85.68,42,0,16.93
258,Vegachi,CO,2022-06-11 00:30:41,6.7614,-74.7947,67.21,99,100,3.27
259,Araouane,ML,2022-06-11 00:30:41,18.9048,-3.5265,95.47,9,8,10.49
260,Bandarbeyla,SO,2022-06-11 00:27:00,9.4942,50.8122,80.51,64,51,22.37
261,Klaksvik,FO,2022-06-11 00:30:42,62.2266,-6.589,50.92,98,100,25.81
262,Kloulklubed,PW,2022-06-11 00:30:42,7.0419,134.2556,75.7,77,96,6.22
263,Umm Kaddadah,SD,2022-06-11 00:30:42,13.6017,26.6876,83.16,48,3,8.68
264,Dalbandin,PK,2022-06-11 00:30:42,28.8947,64.4101,86.11,10,10,1.86
265,Pacific Grove,US,2022-06-11 00:30:43,36.6177,-121.9166,86.45,66,0,17.0
266,Souillac,MU,2022-06-11 00:30:43,-20.5167,57.5167,70.18,94,75,9.22
267,Fethiye,TR,2022-06-11 00:30:44,36.6217,29.1164,75.07,67,38,4.56
268,Concepcion,CL,2022-06-11 00:30:01,-36.827,-73.0498,48.0,87,37,3.44
269,Zaraza,VE,2022-06-11 00:30:44,9.3503,-65.3245,77.25,82,96,6.33
270,Saint-Francois,FR,2022-06-11 00:30:44,46.4154,3.9054,55.67,94,0,2.3
271,Salinas,US,2022-06-11 00:30:07,36.6777,-121.6555,102.56,47,0,11.5
272,Shitanjing,CN,2022-06-11 00:30:45,39.2342,106.3439,65.03,21,77,6.04
273,Concepcion Del Uruguay,AR,2022-06-11 00:30:45,-32.4825,-58.2372,42.98,60,0,1.01
274,Paamiut,GL,2022-06-11 00:30:45,61.994,-49.6678,39.36,80,100,4.5
275,Cururupu,BR,2022-06-11 00:30:48,-1.8283,-44.8683,73.45,98,100,2.84
276,Saint-Philippe,RE,2022-06-11 00:30:49,-21.3585,55.7679,67.59,80,78,8.97
277,Norrtalje,SE,2022-06-11 00:30:49,59.758,18.705,59.02,91,0,5.75
278,Porto Santo,PT,2022-06-11 00:30:49,33.072,-16.3415,66.58,77,75,13.8
279,Kununurra,AU,2022-06-11 00:30:50,-15.7667,128.7333,67.98,28,55,10.36
280,Turayf,SA,2022-06-11 00:30:50,31.6725,38.6637,73.65,31,0,6.91
281,Fukue,JP,2022-06-11 00:30:50,32.6881,128.8419,68.36,94,75,11.5
282,Gallup,US,2022-06-11 00:30:51,35.5281,-108.7426,93.96,10,0,10.36
283,Port Lincoln,AU,2022-06-11 00:30:51,-34.7333,135.8667,58.62,68,2,7.4
284,Kimbe,PG,2022-06-11 00:30:51,-5.5502,150.1429,88.41,58,7,2.1
285,Sardarshahr,IN,2022-06-11 00:30:52,28.4333,74.4833,86.72,39,0,17.49
286,Kavaratti,IN,2022-06-11 00:30:52,10.5669,72.642,83.01,75,100,14.81
287,Camargo,MX,2022-06-11 00:30:52,27.6667,-105.1667,91.89,22,69,16.33
288,Jacareacanga,BR,2022-06-11 00:30:53,-6.2222,-57.7528,71.28,99,71,1.92
289,Ilulissat,GL,2022-06-11 00:30:53,69.2167,-51.1,35.62,80,100,9.22
290,Haines Junction,CA,2022-06-11 00:30:53,60.7522,-137.5108,58.95,47,61,5.75
291,Sisimiut,GL,2022-06-11 00:30:53,66.9395,-53.6735,37.24,78,100,3.15
292,Kysyl-Syr,RU,2022-06-11 00:30:54,63.8986,122.7617,65.68,35,84,7.07
293,Brae,GB,2022-06-11 00:30:54,60.3964,-1.353,54.43,81,100,19.55
294,Castro,BR,2022-06-11 00:30:54,-24.7911,-50.0119,51.37,95,100,6.96
295,San Lorenzo,PY,2022-06-11 00:30:55,-25.3333,-57.5333,50.94,87,0,5.99
296,Malatya,TR,2022-06-11 00:30:55,38.5,38.0,59.05,59,0,3.44
297,Folldal,NO,2022-06-11 00:30:55,62.1325,9.9968,47.93,96,42,7.27
298,Sitka,US,2022-06-11 00:30:56,57.0531,-135.33,53.49,76,100,16.11
299,Saint-Louis,SN,2022-06-11 00:30:56,16.3333,-15.0,80.24,67,27,12.53
300,Lata,PT,2022-06-11 00:30:56,40.1629,-8.3327,66.07,92,0,0.87
301,Ossora,RU,2022-06-11 00:30:57,59.2353,163.0719,48.87,77,100,4.9
302,Hovd,MN,2022-06-11 00:30:57,48.0056,91.6419,60.04,20,0,2.08
303,Mount Darwin,ZW,2022-06-11 00:30:57,-16.7725,31.5838,48.78,77,0,2.64
304,Sola,VU,2022-06-11 00:30:58,-13.8833,167.55,88.47,70,75,0.0
305,Katherine,AU,2022-06-11 00:30:58,-14.4667,132.2667,68.32,24,100,12.66
306,Pavlivka,UA,2022-06-11 00:30:58,49.4414,28.4596,60.82,72,59,5.32
307,Muroto,JP,2022-06-11 00:30:59,33.2833,134.15,67.35,86,100,18.25
308,Zhigalovo,RU,2022-06-11 00:30:59,54.8097,105.1578,66.58,38,12,2.57
309,Remedios,CU,2022-06-11 00:30:59,22.4947,-79.5458,74.32,84,42,5.7
310,Asau,RO,2022-06-11 00:30:59,46.4333,26.4,60.96,98,79,4.32
311,Vardo,NO,2022-06-11 00:31:00,70.3705,31.1107,40.98,75,39,5.75
312,Smithers,CA,2022-06-11 00:26:33,54.7804,-127.1743,61.12,48,75,3.44
313,Namatanai,PG,2022-06-11 00:30:17,-3.6667,152.4333,84.81,62,25,9.6
314,Joshimath,IN,2022-06-11 00:31:00,30.5667,79.5667,68.59,51,30,1.72
315,Dunedin,NZ,2022-06-11 00:29:49,-45.8742,170.5036,39.16,90,52,7.54
316,Lavrentiya,RU,2022-06-11 00:31:01,65.5833,-171.0,45.25,53,5,16.2
317,Chabahar,IR,2022-06-11 00:31:01,25.2919,60.643,82.22,88,63,15.66
318,Gamba,GA,2022-06-11 00:31:02,-2.65,10.0,73.09,95,72,2.71
319,Vao,NC,2022-06-11 00:31:02,-22.6667,167.4833,72.28,77,93,17.63
320,Loa Janan,ID,2022-06-11 00:31:03,-0.583,117.095,79.56,92,26,0.45
321,Quang Ngai,VN,2022-06-11 00:31:03,15.1167,108.8,86.99,59,100,4.52
322,Mulege,MX,2022-06-11 00:31:04,26.8833,-111.9833,88.07,49,2,5.28
323,Sale,MA,2022-06-11 00:31:04,34.0389,-6.8166,73.63,100,20,6.91
324,Pangnirtung,CA,2022-06-11 00:31:05,66.1451,-65.7125,33.06,96,96,2.37
325,Henties Bay,NA,2022-06-11 00:31:05,-22.116,14.2845,71.46,31,0,14.7
326,Neyshabur,IR,2022-06-11 00:31:06,36.2133,58.7958,71.87,42,91,0.67
327,Sinfra,CI,2022-06-11 00:31:06,6.6167,-5.9167,70.83,99,100,4.27
328,Necocli,CO,2022-06-11 00:31:07,8.4234,-76.786,77.79,86,100,0.2
329,Sterling,US,2022-06-11 00:31:07,39.0062,-77.4286,75.49,62,100,3.44
330,Bairiki,KI,2022-06-11 00:31:07,1.3292,172.9752,86.0,66,20,12.66
331,Toucheng,TW,2022-06-11 00:31:08,24.8592,121.8233,82.35,82,100,3.49
332,Kaohsiung,TW,2022-06-11 00:28:10,22.6163,120.3133,87.75,72,75,2.3
333,Castelldefels,ES,2022-06-11 00:26:36,41.2779,1.9703,75.06,76,0,3.44
334,Simao,CN,2022-06-11 00:31:08,22.7886,100.9748,66.97,97,100,2.8
335,Port Macquarie,AU,2022-06-11 00:31:09,-31.4333,152.9167,59.9,47,3,8.03
336,Katsuura,JP,2022-06-11 00:31:09,35.1333,140.3,71.92,75,100,6.89
337,Luba,GQ,2022-06-11 00:31:10,3.4568,8.5547,75.09,85,100,8.25
338,Mmabatho,ZA,2022-06-11 00:31:10,-25.85,25.6333,39.16,75,0,4.61
339,Port-Cartier,CA,2022-06-11 00:27:20,50.0334,-66.8654,56.88,96,100,10.31
340,Kapenguria,KE,2022-06-11 00:31:15,1.2511,35.0895,52.52,89,93,6.78
341,Szydlowiec,PL,2022-06-11 00:31:15,51.2282,20.8611,60.53,98,30,5.77
342,Komsomolskiy,UZ,2022-06-11 00:31:16,40.4272,71.7189,65.12,63,4,0.0
343,Tongren,CN,2022-06-11 00:31:16,27.7172,109.1853,72.52,91,100,2.06
344,Kyaikto,MM,2022-06-11 00:31:17,17.3,97.0167,79.86,85,100,6.49
345,Praya,CV,2022-06-11 00:31:18,14.9215,-23.5087,73.94,73,40,13.8
346,Shingu,JP,2022-06-11 00:31:18,33.7333,135.9833,65.88,94,100,3.36
347,Ligayan,PH,2022-06-11 00:31:18,4.6533,119.4706,83.35,69,51,6.58
348,Aykhal,RU,2022-06-11 00:31:19,66.0,111.5,46.29,69,95,12.77
349,Payson,US,2022-06-11 00:31:19,40.0444,-111.7321,94.48,19,0,6.91
350,Zambezi,ZM,2022-06-11 00:28:41,-13.5432,23.1047,53.15,66,5,6.98
351,Teahupoo,PF,2022-06-11 00:31:20,-17.8333,-149.2667,76.96,75,35,9.93
352,Vangaindrano,MG,2022-06-11 00:31:20,-23.35,47.6,63.95,92,2,1.74
353,Westerland,DE,2022-06-11 00:31:20,54.9079,8.3033,54.01,100,20,5.75
354,Huntly,GB,2022-06-11 00:31:21,57.4474,-2.7861,56.91,68,100,14.67
355,Aleksandrov Gay,RU,2022-06-11 00:31:21,50.147,48.5704,64.13,63,27,8.41
356,Vestmannaeyjar,IS,2022-06-11 00:31:05,63.4427,-20.2734,50.25,81,16,3.49
357,Big Bend,SZ,2022-06-11 00:31:22,-26.8167,31.9333,59.47,94,14,1.74
358,Bathsheba,BB,2022-06-11 00:31:22,13.2167,-59.5167,79.41,83,40,20.71
359,Sept-Iles,CA,2022-06-11 00:30:09,50.2001,-66.3821,57.2,98,100,11.5
360,Yasnyy,RU,2022-06-11 00:31:22,51.0333,59.8742,53.71,89,2,9.66
361,Prata,BR,2022-06-11 00:31:23,-19.3072,-48.9242,68.11,75,100,7.2
362,Sao Mateus,BR,2022-06-11 00:31:23,-18.7161,-39.8589,69.35,93,28,5.39
363,Nanakuli,US,2022-06-11 00:31:24,21.3906,-158.1547,85.37,51,100,10.36
364,Buchanan,LR,2022-06-11 00:31:24,5.8808,-10.0467,76.71,88,100,5.44
365,Santa,PH,2022-06-11 00:31:24,17.486,120.4348,85.1,69,100,3.71
366,Wasilla,US,2022-06-11 00:27:09,61.5814,-149.4394,64.02,66,100,6.91
367,Belyy Yar,RU,2022-06-11 00:31:25,53.6039,91.3903,62.49,50,0,0.0
368,Kieta,PG,2022-06-11 00:31:25,-6.2167,155.6333,85.06,64,14,4.65
369,Nishihara,JP,2022-06-11 00:27:16,26.1842,127.7558,80.26,94,75,16.11
370,Davila,PH,2022-06-11 00:31:26,18.4726,120.5763,84.18,69,100,3.78
371,Umm Lajj,SA,2022-06-11 00:31:26,25.0213,37.2685,87.31,37,0,8.25
372,Prince Rupert,CA,2022-06-11 00:30:11,54.3161,-130.3201,53.69,84,100,26.46
373,Kavieng,PG,2022-06-11 00:31:27,-2.5744,150.7967,84.9,64,10,13.6
374,Edd,ER,2022-06-11 00:31:27,13.9297,41.6925,89.83,44,55,7.27
375,Vila Franca Do Campo,PT,2022-06-11 00:31:27,37.7167,-25.4333,66.61,94,57,4.54
376,Sri Aman,MY,2022-06-11 00:31:28,1.2376,111.4621,77.09,100,40,0.0
377,Iquique,CL,2022-06-11 00:31:28,-20.2208,-70.1431,59.04,78,57,2.35
378,Leh,IN,2022-06-11 00:31:28,34.1667,77.5833,49.71,55,66,5.03
379,Geraldton,AU,2022-06-11 00:31:06,-28.7667,114.6,63.01,88,40,10.36
380,Mantua,IT,2022-06-11 00:31:29,45.1667,10.7833,70.84,74,5,2.01
381,Japura,ID,2022-06-11 00:31:29,-0.3167,102.35,75.52,96,99,1.48
382,Ginir,ET,2022-06-11 00:31:30,7.1333,40.7,55.13,88,92,6.22
383,Mehamn,NO,2022-06-11 00:31:30,71.0357,27.8492,40.91,80,32,10.67
384,Pyaozerskiy,RU,2022-06-11 00:31:30,65.8333,31.1667,46.6,87,5,2.44
385,Shestakovo,RU,2022-06-11 00:31:31,56.4915,103.96,68.02,41,0,2.91
386,La Joya,MX,2022-06-11 00:26:37,18.6667,-99.4667,90.91,46,97,2.66
387,Aksay,RU,2022-06-11 00:31:31,47.26,39.87,57.42,53,0,4.61
388,Betioky,MG,2022-06-11 00:31:31,-23.7167,44.3833,61.11,84,0,4.97
389,San Cristobal,VE,2022-06-11 00:31:32,7.7669,-72.225,71.78,95,13,2.89
390,Kafue,ZM,2022-06-11 00:31:32,-15.7691,28.1814,51.49,90,0,4.79
391,Kemijarvi,FI,2022-06-11 00:31:32,66.7131,27.4306,46.36,67,0,2.57
392,Dubbo,AU,2022-06-11 00:31:33,-32.25,148.6167,50.13,87,75,12.66
393,Batasan,PH,2022-06-11 00:31:33,12.7667,120.7833,83.77,71,100,2.35
394,Buguruslan,RU,2022-06-11 00:31:33,53.6554,52.442,56.88,92,65,5.88
395,Husavik,IS,2022-06-11 00:31:34,66.0449,-17.3389,41.92,98,100,8.68
396,Townsville,AU,2022-06-11 00:27:39,-19.25,146.8,65.28,34,13,6.91
397,Inta,RU,2022-06-11 00:31:34,66.0317,60.1659,61.75,58,11,2.73
398,Rawson,AR,2022-06-11 00:31:34,-43.3002,-65.1023,44.26,33,89,9.37
399,Makakilo City,US,2022-06-11 00:31:35,21.3469,-158.0858,83.95,54,100,20.71
400,Olafsvik,IS,2022-06-11 00:31:35,64.8945,-23.7142,44.53,87,100,22.75
401,Okhotsk,RU,2022-06-11 00:31:35,59.3833,143.3,41.94,92,100,7.58
402,Xinyu,CN,2022-06-11 00:31:36,27.8043,114.9334,69.94,95,100,2.35
403,Buarcos,PT,2022-06-11 00:31:36,40.166,-8.8768,67.55,89,1,14.63
404,Lethem,GY,2022-06-11 00:31:36,3.3803,-59.7968,75.38,90,79,4.54
405,Kvitok,RU,2022-06-11 00:31:37,56.0724,98.4813,65.79,39,5,7.76
406,Mangrol,IN,2022-06-11 00:31:38,21.1167,70.1167,83.73,77,100,8.52
407,Inhambane,MZ,2022-06-11 00:31:39,-23.865,35.3833,70.23,59,100,10.51
408,Cabreuva,BR,2022-06-11 00:31:39,-23.3075,-47.1328,65.59,84,61,5.12
409,Isangel,VU,2022-06-11 00:31:39,-19.55,169.2667,80.71,83,100,6.91
410,Itoman,JP,2022-06-11 00:31:27,26.1247,127.6694,80.98,94,75,16.11
411,Yeppoon,AU,2022-06-11 00:31:40,-23.1333,150.7333,58.78,49,10,8.21
412,Ahtopol,BG,2022-06-11 00:31:40,42.1,27.95,67.39,94,96,8.08
413,Pishva,IR,2022-06-11 00:31:40,35.308,51.7267,74.19,38,0,2.04
414,Linhai,CN,2022-06-11 00:31:41,28.85,121.1167,71.92,75,100,2.48
415,Mayumba,GA,2022-06-11 00:31:41,-3.432,10.6554,73.2,93,70,1.99
416,Praia,CV,2022-06-11 00:31:41,14.9215,-23.5087,73.94,73,40,13.8
417,Saint-Georges,GD,2022-06-11 00:29:33,12.0564,-61.7485,80.28,89,40,16.11
418,Okha,RU,2022-06-11 00:31:42,53.5739,142.9478,49.64,71,100,17.65
419,Santa Cruz,BO,2022-06-11 00:31:42,-17.8,-63.1667,69.26,56,75,14.97
420,Kerman,IR,2022-06-11 00:31:42,30.2832,57.0788,75.06,17,0,4.61
421,Mahajanga,MG,2022-06-11 00:31:43,-15.7167,46.3167,66.22,82,0,4.61
422,Garissa,KE,2022-06-11 00:31:43,-0.4536,39.6401,74.44,78,1,15.84
423,Wakkanai,JP,2022-06-11 00:31:43,45.4094,141.6739,58.98,82,75,9.22
424,Khani,GE,2022-06-11 00:31:44,41.9563,42.9566,54.97,93,49,5.41
425,Khorixas,NA,2022-06-11 00:31:44,-20.3667,14.9667,60.42,30,0,14.99
426,Talnakh,RU,2022-06-11 00:30:29,69.4865,88.3972,60.21,42,8,9.71
427,Hailey,US,2022-06-11 00:31:44,43.5196,-114.3153,77.79,35,0,13.0
428,Kumo,NG,2022-06-11 00:31:45,10.0447,11.2122,73.81,84,86,8.39
429,Leningradskiy,RU,2022-06-11 00:31:45,69.3833,178.4167,41.11,56,12,13.11
430,Flin Flon,CA,2022-06-11 00:31:46,54.7682,-101.865,65.97,36,100,9.24
431,Huarmey,PE,2022-06-11 00:31:46,-10.0681,-78.1522,65.08,84,30,8.39
432,Leshukonskoye,RU,2022-06-11 00:31:46,64.8989,45.7622,39.0,87,6,8.12
433,Sur,OM,2022-06-11 00:31:47,22.5667,59.5289,89.44,50,5,11.74
434,Alcanena,PT,2022-06-11 00:31:47,39.459,-8.6689,69.76,88,1,7.54
435,Aquidauana,BR,2022-06-11 00:31:47,-20.4711,-55.7872,64.71,71,100,8.99
436,Dwarka,IN,2022-06-11 00:31:47,22.2394,68.9678,82.78,75,9,11.72
437,Nyurba,RU,2022-06-11 00:31:48,63.2842,118.3319,62.96,39,69,5.5
438,Itaituba,BR,2022-06-11 00:31:48,-4.2761,-55.9836,74.35,94,100,0.78
439,Puerto Escondido,MX,2022-06-11 00:31:48,15.85,-97.0667,81.43,69,100,9.22
440,Saint-Joseph,RE,2022-06-11 00:31:49,-21.3667,55.6167,66.58,78,40,9.48
441,Kirksville,US,2022-06-11 00:31:49,40.1948,-92.5833,74.05,85,20,8.05
442,Shakhovskaya,RU,2022-06-11 00:31:49,56.0283,35.5097,55.62,83,38,0.89
443,Evensk,RU,2022-06-11 00:31:50,61.95,159.2333,44.98,84,100,5.79
444,Cockburn Town,TC,2022-06-11 00:31:50,21.4612,-71.1419,82.36,69,40,18.41
445,Ballina,AU,2022-06-11 00:31:50,-28.8667,153.5667,58.78,63,0,7.87
446,Tiznit,MA,2022-06-11 00:31:51,29.5833,-9.5,68.65,76,4,1.45
447,Mpulungu,ZM,2022-06-11 00:31:51,-8.7623,31.1141,66.92,73,7,8.97
448,Wanlaweyn,SO,2022-06-11 00:31:51,2.6185,44.8938,74.03,92,54,10.8
449,Les Cayes,HT,2022-06-11 00:31:52,18.2,-73.75,77.74,89,94,4.25
450,Havelock,US,2022-06-11 00:31:52,34.8791,-76.9013,78.75,67,0,5.75
451,Nouadhibou,MR,2022-06-11 00:31:52,20.931,-17.0347,67.77,80,79,21.05
452,Purpe,RU,2022-06-11 00:31:52,64.4803,76.6897,61.27,61,95,15.1
453,Ponta Delgada,PT,2022-06-11 00:31:38,37.7333,-25.6667,66.92,94,75,8.05
454,Hofn,IS,2022-06-11 00:31:53,64.2539,-15.2082,47.91,81,100,18.95
455,Camacupa,AO,2022-06-11 00:31:54,-12.0167,17.4833,48.31,67,0,4.36
456,Landskrona,SE,2022-06-11 00:31:54,55.8708,12.8302,60.94,95,8,7.36
457,Vila,PT,2022-06-11 00:31:54,42.0304,-8.1588,60.69,80,11,5.17
458,Farah,AF,2022-06-11 00:31:55,32.5,62.5,78.62,16,0,2.53
459,Kondinskoye,RU,2022-06-11 00:31:55,59.6481,67.41,56.41,86,69,3.71
460,Santa Maria,BR,2022-06-11 00:31:25,-29.6842,-53.8069,42.1,75,0,2.3
461,Bambanglipuro,ID,2022-06-11 00:31:55,-7.95,110.2833,78.91,81,61,3.51
462,Omboue,GA,2022-06-11 00:31:56,-1.5746,9.2618,73.87,94,100,4.5
463,Cayenne,GF,2022-06-11 00:28:31,4.9333,-52.3333,75.24,1,75,3.44
464,Turukhansk,RU,2022-06-11 00:31:56,65.8167,87.9833,63.91,44,100,16.42
465,Ilukste,LV,2022-06-11 00:31:56,55.9775,26.2966,60.08,99,100,5.77
466,Maldonado,UY,2022-06-11 00:31:57,-34.6667,-54.9167,49.23,57,7,16.46
467,Boueni,YT,2022-06-11 00:31:57,-12.9025,45.0761,78.78,68,7,16.96
468,Aitape,PG,2022-06-11 00:31:57,-3.1374,142.3475,85.96,65,7,4.47
469,Grindavik,IS,2022-06-11 00:31:57,63.8424,-22.4338,55.35,87,0,13.8
470,Vuktyl,RU,2022-06-11 00:31:58,63.8567,57.3094,58.53,67,100,4.85
471,Tiarei,PF,2022-06-11 00:31:58,-17.5333,-149.3333,82.42,73,7,10.6
472,Sompeta,IN,2022-06-11 00:31:58,18.9333,84.6,85.8,61,100,5.79
473,Matelandia,BR,2022-06-11 00:31:59,-25.2408,-53.9964,49.69,97,100,3.96
474,Homer,US,2022-06-11 00:31:59,59.6425,-151.5483,60.67,76,100,5.99
475,Manoel Urbano,BR,2022-06-11 00:30:28,-8.8389,-69.2597,69.67,98,100,7.34
476,Zhangjiakou,CN,2022-06-11 00:32:00,40.81,114.8794,68.32,70,100,15.99
477,Ilheus,BR,2022-06-11 00:31:41,-14.7889,-39.0494,75.02,94,75,6.91
478,Merauke,ID,2022-06-11 00:32:00,-8.4667,140.3333,82.47,74,100,11.99
479,Sonamukhi,IN,2022-06-11 00:32:00,23.3,87.4167,89.31,49,82,10.96
480,Zhuhai,CN,2022-06-11 00:32:00,22.2769,113.5678,80.85,100,40,4.61
481,Benalla,AU,2022-06-11 00:32:01,-36.55,145.9833,46.85,73,72,11.16
482,Fomboni,KM,2022-06-11 00:32:01,-12.28,43.7425,78.98,69,5,18.63
483,Port Hawkesbury,CA,2022-06-11 00:32:01,45.6169,-61.3485,65.59,82,0,3.44
484,San Patricio,US,2022-06-11 00:32:02,28.017,-97.5169,92.53,66,0,14.65
485,Khem Karan,IN,2022-06-11 00:32:02,31.1428,74.5667,89.69,21,57,9.98
486,Beirut,LB,2022-06-11 00:30:28,33.8889,35.4944,75.38,56,0,2.3
487,Severobaykalsk,RU,2022-06-11 00:32:07,55.65,109.3167,50.99,71,85,3.04
488,Tarancon,ES,2022-06-11 00:32:07,40.0085,-3.0073,68.7,49,6,16.98
489,Yenagoa,NG,2022-06-11 00:32:07,4.9247,6.2642,74.01,96,100,3.15
490,Raisinghnagar,IN,2022-06-11 00:32:08,29.5358,73.4492,88.79,42,3,16.53
491,Frankfurt,DE,2022-06-11 00:29:10,50.1167,8.6833,62.78,90,0,1.14
492,Calama,CL,2022-06-11 00:27:44,-22.4667,-68.9333,50.49,9,0,9.22
493,Asosa,ET,2022-06-11 00:32:10,10.0667,34.5333,62.55,85,100,3.67
494,Goderich,CA,2022-06-11 00:30:16,43.7501,-81.7165,61.12,67,100,8.05
495,Hirara,JP,2022-06-11 00:32:10,24.8,125.2833,84.47,89,75,16.11
496,Nanortalik,GL,2022-06-11 00:31:52,60.1432,-45.2371,38.95,85,100,8.99
497,Jalapa,MX,2022-06-11 00:32:11,19.5333,-96.9167,66.27,93,73,3.36
498,Saint Anthony,US,2022-06-11 00:32:11,45.0205,-93.218,76.17,45,75,9.22
499,Coquimbo,CL,2022-06-11 00:32:09,-29.9533,-71.3436,51.53,100,100,2.3
500,Alibag,IN,2022-06-11 00:32:12,18.6411,72.8792,80.67,77,100,6.67
501,Kayes,ML,2022-06-11 00:32:13,14.0,-11.0,88.77,43,0,7.81
502,Cortez,US,2022-06-11 00:32:13,37.3489,-108.5859,93.96,8,0,11.5
503,Arman,RU,2022-06-11 00:32:13,59.7,150.1667,39.02,98,100,6.44
504,Mzimba,MW,2022-06-11 00:32:14,-11.9,33.6,53.65,95,21,7.54
505,Viransehir,TR,2022-06-11 00:32:14,37.2353,39.7631,75.88,46,0,6.4
506,Marsa Matruh,EG,2022-06-11 00:32:15,31.3525,27.2453,82.6,34,0,12.66
507,Batagay,RU,2022-06-11 00:32:15,67.6333,134.6333,62.58,26,0,7.52
508,Bereda,ES,2022-06-11 00:32:15,43.2686,-7.5406,55.31,94,94,5.91
509,Azle,US,2022-06-11 00:32:15,32.8951,-97.5459,99.46,49,20,16.11
510,Ndele,CF,2022-06-11 00:32:16,8.4109,20.6473,69.58,88,39,3.69
511,Nisia Floresta,BR,2022-06-11 00:32:17,-6.0911,-35.2086,77.38,91,36,4.29
512,Sorokino,RU,2022-06-11 00:32:17,53.75,84.9167,62.92,64,33,8.75
513,Luanda,AO,2022-06-11 00:32:17,-8.8368,13.2343,73.4,88,75,6.91
514,Kosh-Agach,RU,2022-06-11 00:31:46,50.0,88.6667,60.01,19,0,2.28
515,Shimoda,JP,2022-06-11 00:32:18,34.6667,138.95,73.76,80,100,7.29
516,Whitianga,NZ,2022-06-11 00:30:12,-36.8333,175.7,61.65,80,21,17.0
517,West Bay,KY,2022-06-11 00:32:19,19.3667,-81.4167,84.27,80,20,6.91
518,Breves,BR,2022-06-11 00:32:19,-1.6822,-50.4803,73.83,96,100,3.22
519,Nava,MX,2022-06-11 00:31:30,28.4167,-100.7667,99.7,28,0,12.28
520,Santander De Quilichao,CO,2022-06-11 00:32:19,3.0095,-76.4849,65.77,95,100,2.75
521,Lompoc,US,2022-06-11 00:32:20,34.6391,-120.4579,92.7,72,0,6.91
522,Makat,KZ,2022-06-11 00:32:20,47.6469,53.3463,70.77,39,48,8.21
523,Manzhouli,CN,2022-06-11 00:32:20,49.6,117.4333,68.99,43,54,16.69
524,Labytnangi,RU,2022-06-11 00:32:21,66.6572,66.4183,59.36,83,100,7.2
525,San Ramon,US,2022-06-11 00:28:49,37.7799,-121.978,100.62,41,0,19.57
